customerID,name,email,country,state
1,Bibby,bcracknell0@tripod.com,US,South Carolina
2,Cymbre,ckovnot1@behance.net,US,Maryland
3,Doti,dalleburton2@livejournal.com,US,Minnesota
4,Elbertine,epauler3@sbwire.com,US,Pennsylvania
5,Leonard,lkilkenny4@microsoft.com,US,Hawaii
6,Vonny,vverryan5@myspace.com,US,Pennsylvania
7,Ginger,gciardo6@surveymonkey.com,US,Oklahoma
8,Silvana,scowndley7@oaic.gov.au,US,New York
9,Syman,smerkel8@harvard.edu,US,Ohio
10,Ruddie,rberntsson9@goo.ne.jp,US,Missouri
11,Roosevelt,rtoogooda@myspace.com,US,Iowa
12,Anna,ageydonb@apache.org,US,Tennessee
13,Philippine,pknightlyc@edublogs.org,US,Florida
14,Celle,ctinklind@miibeian.gov.cn,US,Louisiana
15,Evvie,ejuschkee@apache.org,US,Kentucky
16,Arnaldo,aspareyf@yandex.ru,US,Pennsylvania
17,Gilemette,gbatting@mapy.cz,US,Texas
18,Mano,mdebiasioh@wsj.com,US,California
19,Germain,gchasmoori@surveymonkey.com,US,District of Columbia
20,Muffin,mscaysbrookj@auda.org.au,US,Arizona
21,Waverley,wpeddenk@nsw.gov.au,US,Arkansas
22,Peggy,pworshaml@harvard.edu,US,Oklahoma
23,Jasmine,jmckanem@theatlantic.com,US,Minnesota
24,Kayle,kmuldrewn@goo.ne.jp,US,North Carolina
25,Cody,caslotto@seesaa.net,US,Ohio
26,Claudia,cfulkerp@npr.org,US,California
27,Even,epetcherq@unc.edu,US,Kansas
28,Feliks,fknivetonr@globo.com,US,North Carolina
29,Jamaal,jdummigans@reuters.com,US,Connecticut
30,Nettie,narkint@gravatar.com,US,Washington
31,Flori,ftrusdaleu@deliciousdays.com,US,California
32,Wini,wbethelv@alexa.com,US,Massachusetts
33,Marylin,mfrisbyw@dell.com,US,Colorado
34,Kyla,kcasierox@independent.co.uk,US,Minnesota
35,Sarene,sschwandeny@dmoz.org,US,New York
36,Dunn,dmccrachenz@dedecms.com,US,Oregon
37,Deck,dnevinson10@howstuffworks.com,US,California
38,Laureen,lculy11@bigcartel.com,US,Tennessee
39,Giorgio,gscroggie12@google.co.jp,US,Nevada
40,Freda,flodovichi13@1und1.de,US,Florida
41,Florenza,flockier14@nytimes.com,US,New York
42,Bobbi,bmowbury15@sina.com.cn,US,Iowa
43,Ody,ocookley16@reverbnation.com,US,Oklahoma
44,Cecily,clenoury17@blog.com,US,Mississippi
45,Rhona,rbarlas18@wunderground.com,US,Alabama
46,Gabriele,gzavattero19@tamu.edu,US,California
47,Lenci,lpennaman1a@storify.com,US,Tennessee
48,Gardner,gdominik1b@rambler.ru,US,Ohio
49,Redford,rgeraudy1c@sakura.ne.jp,US,New Mexico
50,Megan,mdugan1d@cdbaby.com,US,Massachusetts
51,Corina,cedlyne1e@lulu.com,US,Texas
52,Elnar,epattingson1f@goo.gl,US,Texas
53,Jessie,jdamarell1g@imdb.com,US,Illinois
54,Bevon,byorkston1h@cdbaby.com,US,Louisiana
55,Tudor,tcamilleri1i@blogtalkradio.com,US,Florida
56,Craig,cpegrum1j@springer.com,US,Utah
57,Nikolaus,nmartensen1k@baidu.com,US,Colorado
58,Travers,tmacgown1l@stumbleupon.com,US,Tennessee
59,Collette,cpaddon1m@mail.ru,US,Texas
60,Darius,dgroombridge1n@bloglovin.com,US,California
61,Goldina,gcoleyshaw1o@unblog.fr,US,Minnesota
62,Lilias,ldowsey1p@vinaora.com,US,Florida
63,Jonell,jszach1q@psu.edu,US,West Virginia
64,Otis,okalderon1r@edublogs.org,US,Texas
65,Brynn,bhumpage1s@phoca.cz,US,Ohio
66,Terri-jo,tgounard1t@plala.or.jp,US,New York
67,Patin,pjoris1u@purevolume.com,US,Pennsylvania
68,Casar,cthurman1v@stanford.edu,US,New Jersey
69,Meaghan,mcritzen1w@techcrunch.com,US,Washington
70,Merrilee,mkreutzer1x@scribd.com,US,Texas
71,Lilian,lmckim1y@seattletimes.com,US,Texas
72,Janey,jpollak1z@sogou.com,US,Wisconsin
73,Baxter,boutlaw20@comcast.net,US,Texas
74,Silvanus,slusty21@europa.eu,US,Virginia
75,Eugenius,efairleigh22@barnesandnoble.com,US,California
76,Adam,alondesborough23@quantcast.com,US,Iowa
77,Elizabet,eruckert24@theatlantic.com,US,Minnesota
78,Kaja,kdorr25@businesswire.com,US,California
79,Avrit,atrattles26@rambler.ru,US,Missouri
80,Sheryl,swilley27@sourceforge.net,US,New Jersey
81,Shurlocke,ssattin28@myspace.com,US,Texas
82,Mellicent,mbroadbury29@umich.edu,US,Nevada
83,Fulvia,fstener2a@surveymonkey.com,US,Pennsylvania
84,Dacey,dpimlott2b@java.com,US,Illinois
85,Bee,bpotteril2c@cornell.edu,US,Kansas
86,Angel,askettles2d@google.pl,US,District of Columbia
87,Emmott,ewooles2e@stanford.edu,US,New York
88,Shellie,sodriscoll2f@surveymonkey.com,US,California
89,Loralyn,lmolloy2g@discovery.com,US,California
90,Correna,cbarabich2h@bing.com,US,Georgia
91,Selene,spagden2i@google.cn,US,Virginia
92,Geoff,gpelos2j@sfgate.com,US,North Carolina
93,Umberto,ugrushin2k@jugem.jp,US,Texas
94,Hi,hmumby2l@addtoany.com,US,Missouri
95,Laughton,lrowdell2m@mayoclinic.com,US,Texas
96,Julita,jcoventon2n@acquirethisname.com,US,California
97,Cherice,ckures2o@parallels.com,US,New Mexico
98,Layton,ljurisic2p@aboutads.info,US,Florida
99,Billy,bronnay2q@github.io,US,New York
100,Alexandro,aeversfield2r@dailymail.co.uk,US,New York
